汉中日报,http://epaper.hanzhongnews.cn/hzrb/,epaper_hanzhongnews_cn_29448
泰山晨刊,http://epaper.my0538.com/tsck/,epaper_my0538_com_29410
聊城日报,http://lcrb.lcxw.cn/lcrb/,life_bandao_cn_29411
牡丹晚报,http://epaper.hezeribao.com/mdwb/,epaper_hezeribao_com_29415
黄河口,http://szb.dongyingnews.cn:8018/hhkwb/,life_bandao_cn_29418
德州日报,http://epaper.dezhoudaily.com/dzrb/,life_bandao_cn_29419
长河晨刊,http://epaper.dezhoudaily.com/chck/,epaper_dezhoudaily_com_29420
鲁中晨刊,http://daily.laiwunews.cn/lzck/,daily_laiwunews_cn_29423
马鞍山日报,http://epaper.anhuinews.com/files/masrb/,epaper_anhuinews_com_29425
皖江晚报,http://epaper.anhuinews.com/files/wjwb/,epaper_anhuinews_com_29426
文摘周报,http://epaper.scol.com.cn/wzzb/,digest_scol_com_cn_29417
江西商报,http://www.jxsb.cn/jxsb/,jxsb_cn_29574
甘孜日报,http://epaper.gzznews.com/gzrb/,epaper_gzznews_com_27232
海峡导报,http://epaper.taihainet.com/hxdb/,epaper_taihainet_com_27264
湖北日报,http://hbrb.cnhubei.com/hbrb/,hbrb_cnhubei_com_27421
辽沈晚报(铁岭版),http://epaper.lnd.com.cn/lswbtlb/,epaper_lnd_com_cn_27412
楚天都市报,http://ctdsb.cnhubei.com/ctdsb/,ctdsb_cnhubei_com_27455
楚天金报,http://ctjb.cnhubei.com/ctjb/,ctjb_cnhubei_com_27459
农村新报,http://ncxb.cnhubei.com/ncxb/,ncxb_cnhubei_com_27468
三峡晚报,http://sxwb.cnhubei.com/sxwb/,sxwb_cnhubei_com_27492
莱芜日报,http://daily.laiwunews.cn/lwrb/,daily_laiwunews_cn_27195
东方今报,http://www.jinbw.com.cn/pdf/dzb/,dzb_jinbw_com_cn_27546
浏阳日报,http://dzb.lyrb.com.cn/lyrb/,dzb_lyrb_com_cn_27088
平原晚报,http://dzb.xxrb.com.cn/pywb/,dzb_xxrb_com_cn_27554
新乡日报,http://dzb.xxrb.com.cn/xxrb/,dzb_xxrb_com_cn_27560
农业科技报,http://eb.nkb.com.cn/nykjb/,eb_nkb_com_cn_27491
华商报,http://ehsb.hsw.cn/hsb/,ehsb_hsw_cn_27416
安徽法制报,http://epaper.anhuinews.com/files/ahfzb/,epaper_anhuinews_com_27395
安徽日报,http://epaper.anhuinews.com/files/ahrb/,epaper_anhuinews_com_27324
安徽日报农村版,http://epaper.anhuinews.com/files/ahrbncb/,epaper_anhuinews_com_27392
安徽商报,http://epaper.anhuinews.com/files/ahsb/,epaper_anhuinews_com_27329
徽商杂志,http://epaper.anhuinews.com/files/hs/,epaper_anhuinews_com_27529
江淮时报,http://epaper.anhuinews.com/files/jhsb/,epaper_anhuinews_com_27525
世界报,http://epaper.anhuinews.com/files/sjb/,epaper_anhuinews_com_27526
新闻世界,http://epaper.anhuinews.com/files/xwsj/,epaper_anhuinews_com_27528
宝鸡日报,http://epaper.baojidaily.com/bjrb/,epaper_baojidaily_com_27453
蚌埠日报,http://epaper.bbnews.cn/bbrb/,epaper_bbnews_cn_27423
淮河晨刊,http://epaper.bbnews.cn/hhck/,epaper_bbnews_cn_27456
淮河周刊,http://epaper.bbnews.cn/hhzk/,epaper_bbnews_cn_27452
中国电子报,http://epaper.cena.com.cn/zgdzb/,epaper_cena_com_cn_27284
发展导报,http://epaper.daynews.com.cn/fzdb/,epaper_daynews_com_cn_27490
山西市场导报,http://epaper.daynews.com.cn/sxscdb/,epaper_daynews_com_cn_27499
山西法制报,http://epaper.daynews.com.cn/sxfzb/,epaper_daynews_com_cn_27496
山西经济日报,http://epaper.daynews.com.cn/sxjjrb/,epaper_daynews_com_cn_27493
山西晚报,http://epaper.daynews.com.cn/sxwb/,epaper_daynews_com_cn_26998
河北日报,http://epaper.hebnews.cn/hbrb/,epaper_hebnews_cn_27110
燕赵都市报,http://epaper.hebnews.cn/yzdsb/,epaper_hebnews_cn_27184
菏泽日报,http://epaper.hezeribao.com/hzrb/,epaper_hezeribao_com_27183
红河日报,http://epaper.hh.cn/hhrb/,epaper_hh_cn_27544
葫芦岛日报,http://epaper.hlddaily.com/hldrb/,epaper_hlddaily_com_27429
葫芦岛晚报,http://epaper.hlddaily.com/hldwb/,epaper_hlddaily_com_27430
东江时报,http://epaper.hznews.com/djsb/,epaper_hznews_com_27488
惠州日报,http://epaper.hznews.com/hzrb/,epaper_hznews_com_27285
都市晨刊,http://epaper.jn001.com/dsck/,epaper_jn001_com_27478
济宁日报,http://epaper.jn001.com/jnrb/,epaper_jn001_com_27196
鲁南商报,http://epaper.langya.cn/lnsb/,epaper_langya_cn_27482
临沂日报,http://epaper.langya.cn/linyrb/,epaper_langya_cn_27211
沂蒙晚报,http://epaper.langya.cn/ymwb/,epaper_langya_cn_27251
泰安日报,http://epaper.my0538.com/tarb/,epaper_my0538_com_27213
黄河晨刊,http://epaper.rznews.cn/hhcb/,epaper_rznews_cn_27369
日照日报,http://epaper.rznews.cn/rzrb/,epaper_rznews_cn_27368
四川日报,http://epaper.scol.com.cn/scrb/,sichuandaily_com_cn_27543
人力资源报,http://epaper.scol.com.cn/rlzyb/,epaper_scol_com_cn_27054
今园区,http://epaper.subaonet.com/jyq/,
文化沧浪,http://epaper.subaonet.com/whcl/,epaper_subaonet_com_27508
城市商报,http://epaper.subaonet.com/cssb/,epaper_subaonet_com_27537
姑苏晚报,http://epaper.subaonet.com/gswb/,epaper_subaonet_com_27098
苏州日报,http://epaper.subaonet.com/szrb/,epaper_subaonet_com_27117
苏州高新,http://epaper.subaonet.com/szgx/,epaper_subaonet_com_27503
竞报,http://epaper.thefirst.cn/jb/,epaper_thefirst_cn_27041
山西商报,http://epaper.tynews.com.cn/sxsb/,epaper_tynews_com_cn_27531
太原日报,http://epaper.tynews.com.cn/tyrb/,epaper_tynews_com_cn_26999
太原晚报,http://epaper.tynews.com.cn/tywb/,epaper_tynews_com_cn_27023
泰州日报,http://epaper.tznews.cn/tzrb/,epaper_tznews_cn_27155
泰州晚报,http://epaper.tznews.cn/tzwb/,epaper_tznews_cn_27156
舟山晚报,http://epaper.zhoushan.cn/zswb/,epaper_zhoushan_cn_27532
三秦都市报,http://esqb.sanqindaily.com/sqdsb/,esqb_sanqindaily_com_27464
文汇报,http://ewenhui.news365.com.cn/wh,ewenhui_news365_com_cn_27193
鲁中晨报,http://lzcb.lznews.cn/lzcb/,lzcb_lznews_cn_26984
福州日报,http://mag.fznews.com.cn/fzrb/,mag_fznews_com_cn_27239
福州晚报,http://mag.fznews.com.cn/fzwb/,mag_fznews_com_cn_27255
福州晚报(海外版),http://mag.fznews.com.cn/hwb/,mag_fznews_com_cn_27248
陕西日报,http://sxdaily.joyhua.com/sxrb/,sxdaily_joyhua_com_27434
三峡日报,http://sxrb.cn3x.com.cn/sxrb/,sxrb_cn3x_com_cn_27487
三峡商报,http://sxsb.cn3x.com.cn/sxsb/,sxsb_cn3x_com_cn_27410
巴渝都市报,http://szb.bycmw.com/bydsb/,szb_bycmw_com_27401
东营日报,http://szb.dongyingnews.cn:8018/dyrb/,szb_dongyingnews_cn_27178
中国劳动保障报,http://szb.labournews.com.cn/zgldbzb/,szb_labournews_com_cn_27289
宁夏日报,http://szb.nxnet.cn/nxrb/,szb_nxnet_cn_27431
新消息报,http://szb.nxnet.cn/xxxb/,szb_nxnet_cn_27450
华兴时报,http://szb.nxnet.cn/hxsb/,szb_nxnet_cn_27447
法治新报,http://szb.nxnet.cn/fzxb/,szb_nxnet_cn_27494
现代生活报,http://szb.nxnet.cn/xdshb/,szb_nxnet_cn_27497
新知讯报,http://szb.nxnet.cn/xzxb/,szb_nxnet_cn_27500
张家口日报,http://szbk.zjknews.com/zjkrb/,szbk_zjknews_com_27182
张家口晚报,http://szbk.zjknews.com/zjkwb/,szbk_zjknews_com_27188
山西农民报,http://epaper.daynews.com.cn/sxnmb/,daynews_com_cn_27330
山西日报,http://epaper.daynews.com.cn/sxrb/,daynews_com_cn_26990
西安商报,http://www.xasb168.com/xasb/,xasb168_com_27419
中国气象报,http://www.zgqxb.com.cn/newspaper/zgqxb/,zgqxb_com_cn_27505
西北信息报,http://xbxxb.joyhua.com/xbxxb/,xbxxb_joyhua_com_27438
肇庆都市报,http://xjds.xjrb.net/xjrb/,xjds_xjrb_net_27504
西江日报,http://xjrb.xjrb.net/xjrb/,xjrb_xjrb_net_27506
中国消费者报,http://zxb.ccn.com.cn/xfzb/,zxb_ccn_com_cn_27304
